{"cameraMode":{"drawMode":0,"name":"Shaded","section":"Shading Mode"},"sceneLighting":false,"audioPlay":false,"sceneViewState":{"m_AlwaysRefresh":false,"showFog":true,"showSkybox":false,"showFlares":true,"showImageEffects":true,"showParticleSystems":true,"showVisualEffectGraphs":true,"m_FxEnabled":true},"in2DMode":false,"pivot":{"x":0.013361383229494095,"y":-0.07416059821844101,"z":0.16219165921211244},"rotation":{"x":-0.08271335810422898,"y":-0.008373861201107502,"z":0.0006951976683922112,"w":-0.9965529441833496},"size":0.6069613695144653,"orthographic":false}